delivery_id,delivery_date,carrier_name,prefecture,quantity,delayed,origin_code,completion_date
D001,2026-08-01,A運輸,兵庫県,10,False,O001,2026-08-02
D002,2026-08-01,B物流,兵庫県,20,False,O001,2026-08-02
D003,2026-08-02,A運輸,大阪府,15,True,O001,2026-08-04
D004,2026-08-02,B物流,大阪府,25,False,O002,2026-08-03
D005,2026-08-03,A運輸,京都府,12,False,O002,2026-08-04
D006,2026-08-03,C配送,兵庫県,30,False,O001,2026-08-04
D007,2026-08-04,B物流,京都府,18,True,O002,2026-08-06
D008,2026-08-04,C配送,大阪府,22,False,O001,2026-08-05
D009,2026-08-05,A運輸,兵庫県,14,False,O001,2026-08-06
D010,2026-08-05,C配送,京都府,16,False,O002,2026-08-06